001-3-1.jpg,001-3-1gt.png
001-3-5.jpg,001-3-5gt.png
001-3-8.jpg,001-3-8gt.png
001-5-1.jpg,001-5-1gt.png
001-5-5.jpg,001-5-5gt.png
001-5-8.jpg,001-5-8gt.png
001-8-1.jpg,001-8-1gt.png
001-8-2.jpg,001-8-2gt.png
001-028-1.jpg,001-028-1gt.png
001-028-5.jpg,001-028-5gt.png
001-028-8.jpg,001-028-8gt.png
001-030-1.jpg,001-030-1gt.png
001-030-5.jpg,001-030-5gt.png
001-030-8.jpg,001-030-8gt.png
001-032-1.jpg,001-032-1gt.png
001-032-5.jpg,001-032-5gt.png
001-032-8.jpg,001-032-8gt.png
001-034-1.jpg,001-034-1gt.png
001-034-5.jpg,001-034-5gt.png
001-034-7.jpg,001-034-7gt.png
001-036-1.jpg,001-036-1gt.png
001-036-5.jpg,001-036-5gt.png
001-036-8.jpg,001-036-8gt.png
001-038-1.jpg,001-038-1gt.png
001-038-5.jpg,001-038-5gt.png
001-038-8.jpg,001-038-8gt.png